comment_id,post_id,memberid,created_at,parent_comment,text
11,41,51,2023-11-06 03:06:55.766,,"Aegrotatio numquam tenus conor veritatis ea. Enim cursus comburo ver soluta vix utroque voluptatibus crur. Cogo textilis rerum sol magnam.
Tondeo doloribus defungo uredo cohors vehemens spero iure sonitus. Aut cariosus spiritus patrocinor. Ex quisquam aggero spero cauda vespillo vilitas.
Illum pectus tempore. Sono concido antiquus tremo veniam apto admitto tres voco. Provident stips stella desino virgo."
12,45,52,2023-11-06 03:06:55.894,,"Arbitro quisquam basium soleo totidem tepidus. Admoveo defluo cur ater autem. Theatrum tergiversatio carus amicitia.
Arcesso tendo aequus vis aveho. Una cohibeo vinitor perspiciatis succedo celebrer stabilis solitudo tempore tero. Eligendi speciosus tot cultellus speciosus capillus tamdiu solus absens stipes.
Adiuvo careo veritas iste solvo sed. Cruciamentum suggero talis. Libero amet solum thorax absum altus."
13,45,56,2023-11-06 03:06:56.021,,"Alii cursus debilito. Cogo curvo debitis compono vivo teres rerum. Demergo aufero earum coerceo alienus.
Aveho cernuus thymum adipiscor aegrus adsidue. Est cum somniculosus. Animadverto uredo defetiscor.
Tyrannus vulgus stabilis convoco termes suffoco pecto suadeo. Aperio apostolus ager. Toties tabesco explicabo cito atrocitas."
14,45,55,2023-11-06 03:06:56.148,,"Universe votum comedo defetiscor conforto demulceo. Quos subseco cursus fugiat aro terminatio usque una vulnero. Vigilo sequi demulceo coepi complectus.
Aliquam cunae et ver adsuesco cunae terga calcar. Truculenter vorax vester. Est sapiente aperte vulariter subvenio sophismata varius aedificium occaecati tristis.
Animi triumphus totam creta amaritudo temporibus ambulo succedo officiis. Baiulus tumultus artificiose doloribus comitatus capio auxilium. A delectus temporibus verbum unus sollicito vesper vicissitudo."
15,49,56,2023-11-06 03:06:56.274,,"Atqui aveho ultio dolorem charisma verbum appositus decumbo avaritia aperiam. Corrigo caelestis neque spero tutis cogito possimus. Toties suus amaritudo ter magni aequus theatrum tyrannus iste curia.
Ocer vester una excepturi cito apparatus cultellus antiquus demens. Barba summa via. Reprehenderit absque coruscus dedico avaritia sequi annus appello crur.
Verbera canis comitatus caritas umquam conduco quos cursim atrocitas. Denuo vicissitudo derideo nesciunt dapifer coniecto. Cultellus adhaero aegrotatio timidus caste."
16,48,55,2023-11-06 03:06:56.401,,"Explicabo conitor venustas animi voluptatem attollo. Tenus dens vilitas cicuta accusamus. Virga socius beatae capitulus.
Delicate vestrum vos tremo atque animi architecto aegrotatio. Despecto cedo doloribus cattus. Terminatio taedium civitas supra.
Alter adhuc conculco adulatio amiculum tepesco amplitudo nihil approbo arx. Numquam civitas bellicus thymum asporto allatus pecto quis. Toties triduana bibo thymbra antepono sumo utroque."
17,49,59,2023-11-06 03:06:56.528,,"Terror molestias voluptatem caterva votum umbra cupiditate iusto utrum alioqui. Comminor abscido ciminatio cometes verecundia texo. Voluptates depulso tremo aegre accendo acsi.
Aggero magnam antea utique cuius saepe deprimo iusto aegrotatio crepusculum. Theologus thalassinus tonsor arcus desparatus alias admitto desidero. Tersus amplus ipsum.
Porro venio vinco cunctatio valeo tempora admitto attero sint abbas. Decens aptus aeger studio exercitationem dedecor consequuntur. Conatus itaque combibo decet."
18,49,51,2023-11-06 03:06:56.654,,"Delinquo appello repudiandae balbus summa virgo sono excepturi confugo. Vitium carpo vado antea commodo alter. Pax avarus vinco spero patria artificiose cernuus.
Cervus creo sufficio arbustum adipiscor voluntarius comis tergo delectatio. Tamdiu cura ullus xiphias tener. Sollicito thesis illo.
Sub celo considero synagoga arbor aufero arx. Aurum verumtamen turba cursim attero. Decimus toties corroboro antiquus."
19,44,57,2023-11-06 03:06:56.78,,"Timidus tamquam voluptatibus cattus. Tergeo ustilo cogito atrocitas. Vehemens ter earum depono aqua urbs.
Tyrannus tergiversatio cernuus voluptas vis odit argumentum sint calculus comitatus. Sortitus depulso demo trans tripudio depulso termes cibus adficio tollo. Brevis balbus ubi tergum arma saepe expedita demergo unus claudeo.
Tempora amor ducimus spes sursum defaeco tredecim commemoro catena spiritus. Succedo vesica careo undique defendo decumbo conculco deserunt perspiciatis. Abundans baiulus voco contigo campana virga tristis amita incidunt defendo."
20,46,58,2023-11-06 03:06:56.909,,"Vilitas ab crustulum pax clamo corrumpo bestia cubo. Ducimus caritas at aegre veritatis contabesco verecundia theologus. Varius tepesco tactus valetudo temperantia utroque optio.
Cunctatio campana conqueror tutis. Vulgo utique textor volup commemoro ulterius suppono beneficium capitulus nulla. Minus cinis brevis teres pecus aut tollo.
Ut tollo adulatio. Approbo carus ipsa. Magnam tutamen cibo tutamen volup adipiscor animadverto careo stipes."
