post_id,title,userid,published_date,version
41,cubitum tamquam uter vociferor,121,2023-11-06 03:06:54.505,
42,tamen amissio aetas arca,122,2023-11-06 03:06:54.632,
43,aspernatur vero cultura vesco,123,2023-11-06 03:06:54.758,
44,cunae adsum abbas caritas balbus incidunt,124,2023-11-06 03:06:54.885,
45,adipiscor,125,2023-11-06 03:06:55.011,
46,ademptio cubitum absconditus deficio spargo deduco,126,2023-11-06 03:06:55.137,
47,quas curtus voco,127,2023-11-06 03:06:55.263,
48,aequitas depromo deleniti clamo cohibeo verto comminor,128,2023-11-06 03:06:55.388,
49,consequuntur bardus amplus averto depromo,129,2023-11-06 03:06:55.514,
50,cimentarius,130,2023-11-06 03:06:55.641,
