user_id,name,email,password,bio,memberid
121,Kelvin Wiza Sr.,Wilfred.Kilback89@hotmail.com,GOiXHMdxugQNlko,"reporter supporter, blogger",51
122,Mrs. Heidi Bradtke Jr.,Marcus89@gmail.com,k3LqwgMnkCRp7yM,"person, veteran",52
123,Fred Nicolas,Colleen_Oberbrunner53@yahoo.com,GiAJ_6QQvbLgAUH,coach,53
124,James Klocko,Pablo.Rau@hotmail.com,nG54UwovBTkwO2I,"leader, student, environmentalist ğŸœ",54
125,Clarence Cronin,Merl.Kunde66@hotmail.com,uSawXpC2Aks1LP6,"netball lover, designer ğŸ”½",55
126,Melody Schumm,Aubrey3@hotmail.com,MeWx0KlRpIoSMf6,"parent, musician, nerd ğŸ’",56
127,Eugene Mueller,Tess_Marquardt78@yahoo.com,025GnfXK0qXlHGf,"soundness supporter, coach",57
128,Miss Edith Sporer,Bernard93@yahoo.com,qI8ZquFrIm1dcf9,hepatitis junkie  ğŸ¥,58
129,Johnathan Aufderhar I,Trenton_Fahey@hotmail.com,aptrfiWBNpkgUC8,"nation fan, parent",59
130,Darla Douglas,Myrtis.Dickens@yahoo.com,4bMOaYrmIzqx6Xj,"foodie, teacher",60
