memberid,name,email,password
51,Alexandra_Rippin85,Preston73@yahoo.com,IXbEQnxu1GckVm0
52,Eddie78,Delpha_Homenick52@yahoo.com,onLb9SekaM3oK1o
53,Alison21,Dayana_Conn68@gmail.com,QKWeE5vGI3vbWQS
54,Mavis78,Jakob_Corkery@yahoo.com,4QtroCTplnj45VX
55,Gunnar_Murazik90,Colin.Kassulke10@gmail.com,GgXLcR0SakLPmhG
56,Darrion_Adams21,Van_Considine@yahoo.com,bHw4qRvbWjePKYM
57,Lela_Klocko80,Cole_Koch@hotmail.com,rlDWYo69huD45zi
58,Terry37,Naomi34@hotmail.com,a9QOELYbXqefisD
59,Vickie_Stoltenberg-Nikolaus,Tyra_Balistreri85@gmail.com,acV0vSTQUqvs7aE
60,Daphnee.OConner60,Doyle69@hotmail.com,lM5zXZVKXaqYMHK
